Id,Name,descriptio,timestamp,begin,end,altitudeMo,tessellate,extrude,visibility,drawOrder,icon,LANDYADDRE,LANDXADDRE,ADDRESSPOS,ADDRESSBUI,HYPERLINK,PHOTOURL,ADDRESSUNI,ADDRESSFLO,ADDRESSSTR,ADDRESSBLO,INC_CRC,FMEL_UPD_D,snippet,Y,X
1,The Pit,Operating Hours: 7.00am - 10.00am,,,,,-1,0,-1,,,0,0,78989,,,,,,Tras Street,50,0E28997B4498C8C3,2.01601E+13,,28952.86229,29211.2463
2,The Stable Mixed Martial Arts,"Operating Hours: Monday, Wednesday, Friday: 
12.00pm - 9.30pm

Tuesday, Thursday:
12.00pm - 10.00pm

Saturday:
10.00am - 5.30pm",,,,,-1,0,-1,,,0,0,287992,House J and S,,,,,Turf Club Road,100,CAA5268B7BA8784D,2.01601E+13,,35156.77259,23835.5087
3,Bishan ClubFITT Gym,"Facilities: Standard Gymnasium Equipment
Operating Hours: 7.00 AM to 10.00 PM (Mon/Wed/Fri), 8.30 AM to 10.00 PM (Tue/Thur), 8.30 AM to 8.00 PM (Sat), (9.00 AM to 8.00 Pm (Sun), 9.00 AM to 5.00 PM (Public Holiday)
Tel: 6353 9238",,,,,-1,0,-1,,,0,0,579783,,,,,,Bishan St. 4,5,E7A4A38558FA4D85,2.01601E+13,,37485.79009,29959.0673
4,The Yoga Place,"<center><table><tr><th colspan='2' align='center'><em>Attributes</em></th></tr><tr bgcolor=""#E3E3F3"">
<th>LANDYADDRESSPOINT</th>
<td>0</td>
</tr><tr bgcolor="""">
<th>LANDXADDRESSPOINT</th>
<td>0</td>
</tr><tr bgcolor=""#E3E3F3"">
<th>ADDRESSPOSTALCODE</th>
",,,,,-1,0,-1,,,0,0,208568,King George's Building,,,,,King George's Ave,328,CBB24D03E2FE458E,2.01601E+13,,32470.04569,31202.0959
5,Sky Fitness - Serangoon Gardens,"<center><table><tr><th colspan='2' align='center'><em>Attributes</em></th></tr><tr bgcolor=""#E3E3F3"">
<th>LANDYADDRESSPOINT</th>
<td>0</td>
</tr><tr bgcolor="""">
<th>LANDXADDRESSPOINT</th>
<td>0</td>
</tr><tr bgcolor=""#E3E3F3"">
<th>ADDRESSPOSTALCODE</th>
",,,,,-1,0,-1,,,0,0,559022,,,,10,1,Bughley Drive Blk B,45,51E0C317DBD72838,2.01601E+13,,38008.49039,30921.59449
6,Slender Shapes - Serangoon Gardens Way,"Operating Hours: Monday - Friday
8.00am - 2.00pm
4.00pm - 9.00pm

Saturday
9.00am - 4.00pm

Sunday & PH: Closed",,,,,-1,0,-1,,,0,0,555981,,,,,,Serangoon Gardens Way,85A,72ED7C57972BE722,2.01601E+13,,38438.65179,31512.89279
7,Woodlands ClubFITT Gym,"Facilities: Standard Gymnasium Equipment
Operating Hours: 7.00 AM to 10.00 PM (Mon/Wed/Fri), 8.30 AM to 10.00 PM (Tue/Thur), 8.30 AM to 8.00 PM (Sat), (9.00 AM to 8.00 Pm (Sun), 9.00 AM to 5.00 PM (Public Holiday)
Tel: 6362 9101",,,,,-1,0,-1,,,0,0,738597,Woodlands Stadium,,,,,WoodlandsCentre,495,E5E3FFD742FDA4E4,2.01601E+13,,46289.0259,22100.5679
8,Yio Chu Kang ClubFITT Gym,"Facilities: Standard Gymnasium Equipment
Operating Hours: 7.00 AM to 10.00 PM (Mon/Wed/Fri), 8.30 AM to 10.00 PM (Tue/Thur), 8.30 AM to 8.00 PM (Sat), (9.00 AM to 8.00 Pm (Sun), 9.00 AM to 5.00 PM (Public Holiday)
Tel: 6483 9370",,,,,-1,0,-1,,,0,0,569770,,,,,,Ang Mo Kio Ave 9,200,4C197828BD636D1B,2.01601E+13,,40470.1817,29385.4469
9,Yishun ClubFITT Gym,"Facilities: Standard Gymnasium Equipment
Operating Hours: 7.00 AM to 10.00 PM (Mon/Wed/Fri), 8.30 AM to 10.00 PM (Tue/Thur), 8.30 AM to 8.00 PM (Sat), (9.00 AM to 8.00 Pm (Sun), 9.00 AM to 5.00 PM (Public Holiday)
Tel: 6851 8604",,,,,-1,0,-1,,,0,0,769130,,,,,,YishunAve 1,101,04252044DEABBBC4,2.01601E+13,,43759.333,27761.7166
10,Zattva Yoga Studio,"<center><table><tr><th colspan='2' align='center'><em>Attributes</em></th></tr><tr bgcolor=""#E3E3F3"">
<th>LANDYADDRESSPOINT</th>
<td>0</td>
</tr><tr bgcolor="""">
<th>LANDXADDRESSPOINT</th>
<td>0</td>
</tr><tr bgcolor=""#E3E3F3"">
<th>ADDRESSPOSTALCODE</th>
",,,,,-1,0,-1,,,0,0,238841,Orchard Plaza,,,9,7,Orchard Road,150,79FB226A0AB7930E,2.01601E+13,,31511.94019,28871.5834
11,Fitness First - One Raffles Quay,"Facilities: Group Exercise studios  Kinesis studio, free-weight and strength equipment, cardio equipment
Operating Hours: Monday ? Friday : 6.00am ? 10.00pm 

Saturday : 8.00am ? 5.00pm 

Sunday and Public Holidays : 10.00am ? 5.00pm 
Tel: 6327 5550",,,,,-1,0,-1,,,0,0,48583,,,,1,8,Raffles Quay,1,D1821E116B43B866,2.01601E+13,,29260.36519,30043.1546
12,Fitness First - Paragon,"Facilities: Cardio equipment, weight machines, free weights, Group Exercise studio , cycling studio, Mind & Body studio
Operating Hours: Monday ? Saturday : 6.30am ? 10.30pm 

Sunday and Public Holidays : 8.00am ? 10.00pm 
Tel: 6737 7889",,,,,-1,0,-1,,,0,0,238859,,,,13,8,,41282,8DB4EB06CC571742,2.01601E+13,,31784.60849,28213.8713
13,True Fitness - Great World City,"Operating Hours: Mon ? Fri: 6am ? 10pm 

Sat ? Sun: 7am ? 9pm 

Public Holiday: 8am ? 8pm 
Tel: 6235 9622",,,,,-1,0,-1,,,0,0,237994,Great World City Mall,,,14,3,Kim Seng Promenade,1,4E6DAE68287521DF,2.01709E+13,,30687.61059,27826.3112
14,California Fitness - Bugis,"Facilities: - Group X Studio
- Indoor Cycling Studio
- Cardio Machines
- Resistance Machines
- Free Weights
- Xpress Zone
- Kick Fit Area
- Steam & Sauna
Operating Hours: Monday to Saturday: 6:00 am - 12:00 midnight

Sunday and Public Holidays*: 8:00 am",,,,,-1,0,-1,,,0,0,188024,,,,,4,Victoria Street,230,DF55DA5797DF3D77,2.01709E+13,,31388.67969,30500.531
15,Fitness First - AMK Hub,"Facilities: Mind and Body studio, Group Exercise studio, cardio equipment (including treadmills, bikes, steppers and the revolutionary Technogym CardioWave?), weight machines and free weights.
Operating Hours: Monday ? Friday : 6.00am ? 10.00pm 

Saturda",,,,,-1,0,-1,,,0,0,569933,,,,36,B1,Ang Mo Kio Ave 3,53,48276C872F56DADC,2.01709E+13,,39030.10829,29678.2949
16,California Fitness - Velocity@Novena Square,"Facilities: - Group X Studio
- Indoor Cycling Studio
- Cardio Machines
- Resistance Machines
- Free Weights
- Xpress Zone
- Kick Fit Area
- Steam & Sauna
- Internet Kiosks
Operating Hours: Monday to Friday: 6:00 am - 12:00 midnight

Saturday: 6:00 am to",,,,,-1,0,-1,,,0,0,307683,,,,,,Velocity @ Novena,3,2CB5FB93CDC8D55D,2.01709E+13,,33607.74609,29150.5389
17,Fitness First - Alexandra (Mapletree Business City),"Facilities: 44m heated pool, Group Exercise studio, outdoor TRX? Suspension Training? area, boxing area, cardiovascular equipment (treadmills, rowers etc), a free weights area, resistance machines and a functional training area.
Operating Hours: Monday ?",,,,,-1,0,-1,,,0,0,117439,,,,29,7,Pasir Panjang Road,20,F4EFE161320877D9,2.01709E+13,,28589.49309,24187.827
18,Evolve MMA - POMO Mall,"Operating Hours: Monday-Friday: 6:30am to 10:30pm
Saturday-Sunday: 9:00am to 7:00pm
Tel: 63370082/ 63370037",,,,,-1,0,-1,,,0,0,188306,,,,11,3,Selegie Road,1,FE55DC370B8A0B59,2.01709E+13,,31384.91199,29774.6137
19,Fitness First - Captial Tower,"Facilities: Heated swimming pool, group exercise studio, cycling studio, cardiovascular and resistance strength training equipment
Operating Hours: Monday ? Friday : 6.00am ? 10.00pm 

Saturday : 7.00am ? 7.00pm

Sunday and Public Holidays : Closed
Tel:",,,,,-1,0,-1,,,0,0,68912,,,,1,9,,,9E298D73F4034553,2.01709E+13,,28908.40539,29580.8021
20,Yoga Connections,"<center><table><tr><th colspan='2' align='center'><em>Attributes</em></th></tr><tr bgcolor=""#E3E3F3"">
<th>LANDYADDRESSPOINT</th>
<td>0</td>
</tr><tr bgcolor="""">
<th>LANDXADDRESSPOINT</th>
<td>0</td>
</tr><tr bgcolor=""#E3E3F3"">
<th>ADDRESSPOSTALCODE</th>
",,,,,-1,0,-1,,,0,0,419903,,,,,,A Changi Road,498,7BDBBA93976A9409,2.01812E+13,,33499.52219,36979.6312
21,California Fitness - Raffles,"Facilities: - Energy Studio 
- Mind Body Studio 
- Indoor Cycling Studio 
- Cardio Machines 
- Resistance Machines 
- Free Weights 
- Xpress Zone 
- Kick Fit Area 
- Steam & Sauna
Operating Hours: Monday to Friday: 6:00 am - 12:00 midnight

Saturday: 6:0",,,,,-1,0,-1,,,0,0,48619,,,,,,Raffles Place,14,31D5AE9B685FA3B5,2.01812E+13,,29546.62599,29920.3909
22,True Fitness - Suntec City,"Operating Hours: Mon ? Thurs: 6am ? 11pm 

Fri: 6am ? 10pm 

Sat: 6am ? 9pm 

Sun / Public Holiday: 8am ? 8pm 
Tel: 6820 9000",,,,,-1,0,-1,,,0,0,38983,Suntec City Mall,,,1,7,Temasek Boulevard,3,707D40085D853452,2.01812E+13,,30806.67839,30710.7125
23,Union Yoga Ayurveda (Kembangan Branch),Open Daily 9am - 10pm,,,,,-1,0,-1,,,0,0,418935,Kingston Terrace,,,1,1,Kingston Terrace,14D,67FD054BD7FDF7CB,2.01812E+13,,33571.70759,36852.4536
24,Union Yoga Ayurveda (Beauty World Branch),Open Daily 9am - 10pm,,,,,-1,0,-1,,,0,0,599625,Mandarin Park Shop Houses,,,,,51 Chun Tin Road,,0621E5B04CE748FD,2.01812E+13,,35988.63539,21255.6735
25,Rhythmic Yoga Works,"<center><table><tr><th colspan='2' align='center'><em>Attributes</em></th></tr><tr bgcolor=""#E3E3F3"">
<th>LANDYADDRESSPOINT</th>
<td>0</td>
</tr><tr bgcolor="""">
<th>LANDXADDRESSPOINT</th>
<td>0</td>
</tr><tr bgcolor=""#E3E3F3"">
<th>ADDRESSPOSTALCODE</th>
",,,,,-1,0,-1,,,0,0,188091,Far East Shopping Centre,,,1,,Orchard Road,575,193BAB36DB0C0EC5,2.01807E+13,,31151.97909,30628.27509
26,Neue,Open Daily 1000-2200 (close on public holiday),,,,,-1,0,-1,,,0,0,397628,Kallang wave mall,,,,,1 Stadium place #02-07,,9A7626566D5D7F1D,2.01807E+13,,31797.91779,32388.4359
27,Om Shiva Yoga - Chip Bee,"<center><table><tr><th colspan='2' align='center'><em>Attributes</em></th></tr><tr bgcolor=""#E3E3F3"">
<th>LANDYADDRESSPOINT</th>
<td>0</td>
</tr><tr bgcolor="""">
<th>LANDXADDRESSPOINT</th>
<td>0</td>
</tr><tr bgcolor=""#E3E3F3"">
<th>ADDRESSPOSTALCODE</th>
",,,,,-1,0,-1,,,0,0,278000,Chip Bee Gardens,,,,,Jalan Rumia,45,019967C0B5FEC648,2.01601E+13,,32588.50939,24018.0481
28,Om Shiva Yoga - Horse City,"<center><table><tr><th colspan='2' align='center'><em>Attributes</em></th></tr><tr bgcolor=""#E3E3F3"">
<th>LANDYADDRESSPOINT</th>
<td>0</td>
</tr><tr bgcolor="""">
<th>LANDXADDRESSPOINT</th>
<td>0</td>
</tr><tr bgcolor=""#E3E3F3"">
<th>ADDRESSPOSTALCODE</th>
",,,,,-1,0,-1,,,0,0,287992,Horse City,,,02B,1,Turf Club Road,100,CAA5268B7356F9BB,2.01601E+13,,35156.77259,23835.5087
29,OMG Yoga,Operating Hours: Monday & Friday: 10.00am - 6.00pm,,,,,-1,0,-1,,,0,0,600134,,,,309,4,Jurong Gateway Road,134,47C03D160CFA8054,2.01601E+13,,35117.45319,17470.8588
30,Philip Wain,"Operating Hours: Monday - Friday: 
7.00 am - 10.00 pm

Saturday: 
7.00 am - 8.00 pm

Sunday: 
9.00 am - 6.00 pm

Public holidays: 
10.00 am - 7.00 pm",,,,,-1,0,-1,,,0,0,307591,,,,10,4,Thomson Road,101,65E2947EF964CB81,2.01601E+13,,33289.69139,29128.9959
31,Pure Fitness - Knightsbridge (Asia Square),"Facilities: Kettlebells, bulgarian bags, medicine balls, 4 x 35m indoor running track, mixed martial arts zone, VO2 testing area,  group fitness studios, swimming pool, cardio equipment, resistance equipment, free weights
Operating Hours: Monday - Saturd",,,,,-1,0,-1,,,0,0,238857,Asia Square Tower 1,,,,6,Marina View,8,8CA6543133538778,2.01605E+13,,31716.27819,28320.9001
32,Krav Maga Singapore,"<center><table><tr><th colspan='2' align='center'><em>Attributes</em></th></tr><tr bgcolor=""#E3E3F3"">
<th>LANDYADDRESSPOINT</th>
<td>0</td>
</tr><tr bgcolor="""">
<th>LANDXADDRESSPOINT</th>
<td>0</td>
</tr><tr bgcolor=""#E3E3F3"">
<th>ADDRESSPOSTALCODE</th>
",,,,,-1,0,-1,,,0,0,59295,,,,0,5,North Canal Road,39,1B056E088123BADB,2.01605E+13,,29949.58339,29525.4868
33,Fitness First - Tampines,"Facilities: Cardio equipment (steppers, bikes, treadmills, rowers etc), Technogym resistance machines, free-weights, Group Exercise studio, Mind and Body studio and cycling studio 
Operating Hours: Mon to Fri: 6.00am -10.00pm

Sat : 7.00am - 7.00pm

Sun",,,,,-1,0,-1,,,0,0,529508,,,,1,4,Tampines Central,1,0E5BDF23B9B550FF,2.01605E+13,,37243.04349,40271.6252
34,iPilates,"<center><table><tr><th colspan='2' align='center'><em>Attributes</em></th></tr><tr bgcolor=""#E3E3F3"">
<th>LANDYADDRESSPOINT</th>
<td>0</td>
</tr><tr bgcolor="""">
<th>LANDXADDRESSPOINT</th>
<td>0</td>
</tr><tr bgcolor=""#E3E3F3"">
<th>ADDRESSPOSTALCODE</th>
",,,,,-1,0,-1,,,0,0,229572,,,,6,1,Claymore Hill,8,CC585D492FF046BB,2.01605E+13,,32217.14439,27857.4909
35,California Fitness - Orchard- Ngee Ann City,"Facilities: - Energy Studio
- Mind Body Studio
- Indoor Cycling Studio
- Cardio Machines
- Resistance Machines
- Free Weights
- Xpress Zone
- Kick Fit Area
- Internet Kiosks
Operating Hours: Monday to Saturday: 6:00 am - 12:00 midnight

Sunday and Public",,,,,-1,0,-1,,,0,0,238873,,,,,,Ngee Ann City,8,80D12C5172266541,2.01605E+13,,31640.96679,28151.0836
36,True Fitness - China Square Central,"Operating Hours: Mon ? Thurs: 6am ? 11pm 

Fri: 6am ? 10pm Sat: 6am ? 9pm 

Sun / Public Holiday: 8am ? 8pm
Tel: 6438 3833",,,,,-1,0,-1,,,0,0,48423,,,,26,B1,Cross Street,18,E95592F9A510E94C,2.01605E+13,,29550.11599,29509.1533
37,Sky Pilates,"<center><table><tr><th colspan='2' align='center'><em>Attributes</em></th></tr><tr bgcolor=""#E3E3F3"">
<th>LANDYADDRESSPOINT</th>
<td>0</td>
</tr><tr bgcolor="""">
<th>LANDXADDRESSPOINT</th>
<td>0</td>
</tr><tr bgcolor=""#E3E3F3"">
<th>ADDRESSPOSTALCODE</th>
",,,,,-1,0,-1,,,0,0,238881,,,,3,5,Orchard Road,541,5DDCD3528F520732,2.01605E+13,,31935.43369,27711.0896
38,Slender Shapes - Eunos,"Operating Hours: Monday - Friday:
8.00am - 2.00pm
3.00pm - 9.00pm

Saturday:
9.00am - 4.00pm

Sunday & PH: Closed",,,,,-1,0,-1,,,0,0,415979,Eunos Techpark,,,6,1,Kaki Bukit Place,60,740A9C40632BFA6A,2.01605E+13,,35140.52099,35872.1246
39,Core Fitness Physiotherapy & Pilates Centre  - Forum The Shopping Mall,"Operating Hours: Mon ? Thu: 9 am to 9 pm

Fri: 9 am to 7 pm 

Sat: 9 am to 5 pm

Sundays and Public Holidays: by appointments only",,,,,-1,0,-1,,,0,0,238884,,,,4,5,Orchard Road,583,1CBCEAA8DCE05C7D,2.01601E+13,,32058.01359,27464.7401
40,CrossFit Fire City,"<center><table><tr><th colspan='2' align='center'><em>Attributes</em></th></tr><tr bgcolor=""#E3E3F3"">
<th>LANDYADDRESSPOINT</th>
<td>0</td>
</tr><tr bgcolor="""">
<th>LANDXADDRESSPOINT</th>
<td>0</td>
</tr><tr bgcolor=""#E3E3F3"">
<th>ADDRESSPOSTALCODE</th>
",,,,,-1,0,-1,,,0,0,338988,,,,5,1,Kampong Bugis,11,DBC99240555E4035,2.01601E+13,,32314.83309,31640.4732
41,CrossFit Singapore,"<center><table><tr><th colspan='2' align='center'><em>Attributes</em></th></tr><tr bgcolor=""#E3E3F3"">
<th>LANDYADDRESSPOINT</th>
<td>0</td>
</tr><tr bgcolor="""">
<th>LANDXADDRESSPOINT</th>
<td>0</td>
</tr><tr bgcolor=""#E3E3F3"">
<th>ADDRESSPOSTALCODE</th>
",,,,,-1,0,-1,,,0,0,408830,,,,13,2,Ubi Avenue 4,81,032A31735DABE181,2.01601E+13,,35082.71489,34504.8298
42,Curves - Marine Parade,"<center><table><tr><th colspan='2' align='center'><em>Attributes</em></th></tr><tr bgcolor=""#E3E3F3"">
<th>LANDYADDRESSPOINT</th>
<td>0</td>
</tr><tr bgcolor="""">
<th>LANDXADDRESSPOINT</th>
<td>0</td>
</tr><tr bgcolor=""#E3E3F3"">
<th>ADDRESSPOSTALCODE</th>
",,,,,-1,0,-1,,,0,0,160140,,,,1,13,Marine Parade Central,1,D51E49EA5998835F,2.01601E+13,,28957.53299,27577.7309
43,Elements Pilates,"<center><table><tr><th colspan='2' align='center'><em>Attributes</em></th></tr><tr bgcolor=""#E3E3F3"">
<th>LANDYADDRESSPOINT</th>
<td>0</td>
</tr><tr bgcolor="""">
<th>LANDXADDRESSPOINT</th>
<td>0</td>
</tr><tr bgcolor=""#E3E3F3"">
<th>ADDRESSPOSTALCODE</th>
",,,,,-1,0,-1,,,0,0,247918,,,,8,3,Tanglin Road,,39F348823D05A7E7,2.01601E+13,,31955.88779,27082.9971
44,Evolve MMA - Far East Square,"Operating Hours: Monday-Friday: 6:30am to 10:30pm
Saturday-Sunday: 9:00am to 7:00pm
Tel: 65364525/ 65364830",,,,,-1,0,-1,,,0,0,49568,,,,1,1,China Street,26,2B065B4D81010FCA,2.01601E+13,,29499.52889,29613.9891
45,Fitness First - Millenia Walk,"Facilities: Multi-purpose studio, cycling studio, free weights, resistance machines, cardio machines  
Operating Hours: Monday ? Friday : 6.00am ? 10.00pm 

Saturday : 9.00am ? 9.00pm

Sunday and Public Holidays : 10.00am ? 8.00pm 
Tel: 6339 7555",,,,,-1,0,-1,,,0,0,39596,,,,38,2,Raffles Boulevard,9,F4DDE37F537AD715,2.01601E+13,,30595.03959,30896.4011
46,Fitness First - One George Street,"Facilities: Heated swimming pool, cardio equipment, strength equipment, free weights area, stretch area, Group Exercise studio
Operating Hours: Monday ? Friday : 6.00am ? 11.00pm 

Saturday : 7.00am ? 7.00pm

Sunday and Public Holidays : 10.00am ? 6.00pm",,,,,-1,0,-1,,,0,0,49145,,,,1,5,,,3BDFD9B0E01F133D,2.01601E+13,,29774.62699,29608.5361
47,Amore Fitness - Heartland Mall,"Operating Hours: Monday - Friday: 9.00 AM - 10.00 PM

Saturday: 9:00 AM - 7:30 PM

Sunday & Public Holiday: 9.00 AM - 7:30 PM",,,,,-1,0,-1,,,0,0,530205,,,,11,3,Hougang Street 21,205,94714536BEEAB243,2.01709E+13,,37951.80849,33760.4368
48,Amore Fitness - Plaza Singapura,"Operating Hours: Monday - Friday: 9.00 AM - 10.00 PM

Saturday: 9.00 AM - 10.00 PM

Sunday & Public Holiday: 9.00 AM - 10.00 PM",,,,,-1,0,-1,,,0,0,238839,,,,9,4,Orchard Road,68,79227FDEDF3DAB6E,2.01709E+13,,31455.57809,29305.3376
49,Amore Fitness - Thomson Plaza,"Operating Hours: Monday: 9.00 AM - 10.00 PM
Saturday: 9.00 AM - 9.00 PM
Sunday & Public Holiday: 9.00 AM - 7.30 PM",,,,,-1,0,-1,,,0,0,574408,,,,49,3,Upper Thomson Road,301,1A6B6A0AB76D4A9A,2.01709E+13,,37417.93339,27733.042
50,Bikram Yoga,"<center><table><tr><th colspan='2' align='center'><em>Attributes</em></th></tr><tr bgcolor=""#E3E3F3"">
<th>LANDYADDRESSPOINT</th>
<td>0</td>
</tr><tr bgcolor="""">
<th>LANDXADDRESSPOINT</th>
<td>0</td>
</tr><tr bgcolor=""#E3E3F3"">
<th>ADDRESSPOSTALCODE</th>
",,,,,-1,0,-1,,,0,0,179103,,,,14,2,North Bridge Road,252,8B7EB611C2BCC165,2.01709E+13,,30697.70649,30203.7161
51,Bikram Yoga Harbourfront,"<center><table><tr><th colspan='2' align='center'><em>Attributes</em></th></tr><tr bgcolor=""#E3E3F3"">
<th>LANDYADDRESSPOINT</th>
<td>0</td>
</tr><tr bgcolor="""">
<th>LANDXADDRESSPOINT</th>
<td>0</td>
</tr><tr bgcolor=""#E3E3F3"">
<th>ADDRESSPOSTALCODE</th>
",,,,,-1,0,-1,,,0,0,99253,,,,13,3,,,41CC26A587749B62,2.01709E+13,,27178.08109,26364.7778
52,Brazilian Jiu Jitzu Singapore,"<center><table><tr><th colspan='2' align='center'><em>Attributes</em></th></tr><tr bgcolor=""#E3E3F3"">
<th>LANDYADDRESSPOINT</th>
<td>0</td>
</tr><tr bgcolor="""">
<th>LANDXADDRESSPOINT</th>
<td>0</td>
</tr><tr bgcolor=""#E3E3F3"">
<th>ADDRESSPOSTALCODE</th>
",,,,,-1,0,-1,,,0,0,228149,,,,19,6,Sophia Road,,C8249F9DE196CF6C,2.01709E+13,,31491.29459,29764.8176
53,Pilates Bodyworks - Holland,"<center><table><tr><th colspan='2' align='center'><em>Attributes</em></th></tr><tr bgcolor=""#E3E3F3"">
<th>LANDYADDRESSPOINT</th>
<td>0</td>
</tr><tr bgcolor="""">
<th>LANDXADDRESSPOINT</th>
<td>0</td>
</tr><tr bgcolor=""#E3E3F3"">
<th>ADDRESSPOSTALCODE</th>
",,,,,-1,0,-1,,,0,0,270036,Buona Vista Community Club,,,1,2,Holland Drive,36,4631ECA28789B6FA,2.01605E+13,,32388.26109,23462.5592
54,Tirisula Yoga,Tel: 90098889/ 85715701,,,,,-1,0,-1,,,0,0,199777,,,,,,B Arab Street,80,20BDFF1E9571FDF8,2.01711E+13,,31536.46859,30879.0618
55,Total Yoga - Clarke Quay,"<center><table><tr><th colspan='2' align='center'><em>Attributes</em></th></tr><tr bgcolor=""#E3E3F3"">
<th>LANDYADDRESSPOINT</th>
<td>0</td>
</tr><tr bgcolor="""">
<th>LANDXADDRESSPOINT</th>
<td>0</td>
</tr><tr bgcolor=""#E3E3F3"">
<th>ADDRESSPOSTALCODE</th>
",,,,,-1,0,-1,,,0,0,59917,Hui Seng Building,,,1,3,Carpenter Street,38,7F5BF3C2974A506F,2.01711E+13,,30035.26289,29608.6478
56,Fitness First - Marina Bay Financial Centre,"Facilities: Multi-purpose studio, cycling studio, free weights, resistance machines, cardio machines  
Operating Hours: Monday ? Friday : 6.00am ? 10.00pm 

Saturday : 8.00am ? 5.00pm

Sunday and Public Holidays : Closed
Tel: 6536 2373",,,,,-1,0,-1,,,0,0,18982,,,,3,16,Marina Boulevard,12,8F637F6D9220E08D,2.01711E+13,,29062.53689,30334.7765
57,Midview Body & Mind,"<center><table><tr><th colspan='2' align='center'><em>Attributes</em></th></tr><tr bgcolor=""#E3E3F3"">
<th>LANDYADDRESSPOINT</th>
<td>0</td>
</tr><tr bgcolor="""">
<th>LANDXADDRESSPOINT</th>
<td>0</td>
</tr><tr bgcolor=""#E3E3F3"">
<th>ADDRESSPOSTALCODE</th>
",,,,,-1,0,-1,,,0,0,573972,Midview City,,,138,8,Sin Ming Lane,28,BAB87D4CFCC68591,2.01711E+13,,37810.20289,28068.1239
58,Pilates Inc - The Moving Body Group - Amoy Street,"<center><table><tr><th colspan='2' align='center'><em>Attributes</em></th></tr><tr bgcolor=""#E3E3F3"">
<th>LANDYADDRESSPOINT</th>
<td>0</td>
</tr><tr bgcolor="""">
<th>LANDXADDRESSPOINT</th>
<td>0</td>
</tr><tr bgcolor=""#E3E3F3"">
<th>ADDRESSPOSTALCODE</th>
",,,,,-1,0,-1,,,0,0,69901,,,,,,Amoy Street Level 1,82,7ACFBBEA403DC32D,2.01711E+13,,29247.72199,29492.9936
59,The Jungle,Operating Hours 8am to 9pm,,,,,-1,0,-1,,,0,0,49824,,,,35B,,35B Boat Quay,,150B4896253E1146,2.01711E+13,,29853.07099,29820.2181
60,TMP Fitness - Revenue House,Operating Hours 7am to 10pm,,,,,-1,0,-1,,,0,0,307987,Revenue House,,,2,5,55 Newton Road,,B61A5200655F788D,2.01709E+13,,33527.97429,28963.4096
61,Amore Fitness - Bugis Junction,"Operating Hours: Monday - Friday: 9.00 AM - 10.00 PM

Saturday: 9.00 AM - 9.00 PM

Sunday and Public Holiday: 9.00 AM - 9.00 PM",,,,,-1,0,-1,,,0,0,188021,,,,,3,Victoria Street Bugis Junction,200,D641A1261476D87A,2.01601E+13,,31269.86739,30449.44699
62,Bukit Gombak ClubFITT Gym,"Facilities: Standard Gymnasium Equipment
Operating Hours: 7.00 AM to 10.00 PM (Mon/Wed/Fri), 8.30 AM to 10.00 PM (Tue/Thur), 8.30 AM to 8.00 PM (Sat), (9.00 AM to 8.00 Pm (Sun), 9.00 AM to 5.00 PM (Public Holiday)
Tel: 6896 2197",,,,,-1,0,-1,,,0,0,659081,,,,,,Bukit Batok West Ave 5,810,00B7C4A8E6B769F1,2.01601E+13,,37776.12629,19064.11099
63,Choa Chu Kang ClubFITT Gym,"Facilities: Standard Gymnasium Equipment
Operating Hours: 7.00 AM to 10.00 PM (Mon/Wed/Fri), 8.30 AM to 10.00 PM (Tue/Thur), 8.30 AM to 8.00 PM (Sat), (9.00 AM to 8.00 Pm (Sun), 9.00 AM to 5.00 PM (Public Holiday)
Tel: 6767 1739",,,,,-1,0,-1,,,0,0,689236,,,,,,Choa Chu Kang St 53,1,657E21243B67D8C2,2.01601E+13,,41398.4873,18496.3308
64,Clementi ClubFITT Gym,"Facilities: Standard Gymnasium Equipment
Operating Hours: 7.00 AM to 10.00 PM (Mon/Wed/Fri), 8.30 AM to 10.00 PM (Tue/Thur), 8.30 AM to 8.00 PM (Sat), (9.00 AM to 8.00 Pm (Sun), 9.00 AM to 5.00 PM (Public Holiday)
Tel: 68729180/1",,,,,-1,0,-1,,,0,0,129907,,,,,,Clementi Ave 3,518,0ECC239A9E5BE231,2.01601E+13,,32590.99799,20381.3631
65,Hougang ClubFITT Gym,"Facilities: Standard Gymnasium Equipment
Operating Hours: 7.00 AM to 10.00 PM (Mon/Wed/Fri), 8.30 AM to 10.00 PM (Tue/Thur), 8.30 AM to 8.00 PM (Sat), (9.00 AM to 8.00 Pm (Sun), 9.00 AM to 5.00 PM (Public Holiday)
Tel: 6315 8674",,,,,-1,0,-1,,,0,0,538832,,,,,,Hougang Ave 4,93,4799581394079A15,2.01601E+13,,39176.63799,34093.3621
66,Jurong East ClubFITT Gym,"Facilities: Standard Gymnasium Equipment and Exercise Equipment
Operating Hours: 7.00 AM to 10.00 PM (Mon/Wed/Fri), 8.30 AM to 10.00 PM (Tue/Thur), 8.30 AM to 8.00 PM (Sat), (9.00 AM to 8.00 Pm (Sun), 9.00 AM to 5.00 PM (Public Holiday)
Tel: 6896 3569",,,,,-1,0,-1,,,0,0,609517,,,,,,Jurong East St. 31,21,36E5745AABDF5045,2.01601E+13,,36483.44789,16372.15129
67,Jurong West ClubFITT Gym,"Facilities: Standard Gymnasium Equipment
Operating Hours: 7.00 AM to 10.00 PM (Mon/Wed/Fri), 8.30 AM to 10.00 PM (Tue/Thur), 8.30 AM to 8.00 PM (Sat), (9.00 AM to 8.00 Pm (Sun), 9.00 AM to 5.00 PM (Public Holiday)
Tel: 6515 5256",,,,,-1,0,-1,,,0,0,648965,,,,,,Jurong West St 93,20,E4C452427E90B81F,2.01601E+13,,35621.42769,12469.5955
68,Pasir Ris ClubFITT Gym,"Facilities: Standard Gymnasium Equipment
Operating Hours: 7.00 AM to 10.00 PM (Mon/Wed/Fri), 8.30 AM to 10.00 PM (Tue/Thur), 8.30 AM to 8.00 PM (Sat), (9.00 AM to 8.00 Pm (Sun), 9.00 AM to 5.00 PM (Public Holiday)",,,,,-1,0,-1,,,0,0,519640,,,,,,Pasir Ris Central,120,75B56EEB2293FAB1,2.01601E+13,,39605.36969,41188.0356
69,Physical ABuse,"Operating Hours: Monday ? Friday : 7.00am ? 10.00pm 

Saturday, Sunday and Public Holidays : 8.00am ? 8.00pm 
Tel: 6536 5580",,,,,-1,0,-1,,,0,0,59763,,,,28,1,Havelock Road 2HR,2,D9C883412EA536DC,2.01807E+13,,29905.42629,29289.06399
70,Central Pilates,"<center><table><tr><th colspan='2' align='center'><em>Attributes</em></th></tr><tr bgcolor=""#E3E3F3"">
<th>LANDYADDRESSPOINT</th>
<td>0</td>
</tr><tr bgcolor="""">
<th>LANDXADDRESSPOINT</th>
<td>0</td>
</tr><tr bgcolor=""#E3E3F3"">
<th>ADDRESSPOSTALCODE</th>
",,,,,-1,0,-1,,,0,0,227977,,,,9,1,Winstedt Road,10,AB171A85B419B656,2.01807E+13,,32470.31569,28956.205
71,Gold's Gym - IBP Jurong East,"Operating Hours: Monday - Friday: 7.30am - 9.00pm

Saturday: 7.30am - 3.00pm",,,,,-1,0,-1,,,0,0,609930,,,,5,1,International Business Park,2,5ADE95E16F4DE7AF,2.01807E+13,,34656.10209,18389.2377
72,Pure Fitness - Knightsbridge,"Facilities: Cycling and group fitness studios, cardio machines, resistance machines, free weights
Operating Hours: Monday - Saturday
6am - 12 midnight

Sunday & Public holidays
8am - 10pm
Tel: 6100 3813",,,,,-1,0,-1,,,0,0,18960,,,,,,Orchard Road,3,788B7E5BA692EB6D,2.01807E+13,,29051.73049,29979.31459
73,Updog Studio,"Operating Hours: Monday - Thursday: 8:30am - 9:30pm

Friday: 8:30am - 8:00pm

Saturday - Sunday: 7:30am - 5:30pm",,,,,-1,0,-1,,,0,0,449874,Big Splash,,,05A,2,East Coast Parkway,902 B,3DBE70577DEED93A,2.01807E+13,,31093.94949,35396.0103
74,Breathe Pilates - Novena,"<center><table><tr><th colspan='2' align='center'><em>Attributes</em></th></tr><tr bgcolor=""#E3E3F3"">
<th>LANDYADDRESSPOINT</th>
<td>0</td>
</tr><tr bgcolor="""">
<th>LANDXADDRESSPOINT</th>
<td>0</td>
</tr><tr bgcolor=""#E3E3F3"">
<th>ADDRESSPOSTALCODE</th>
",,,,,-1,0,-1,,,0,0,307506,,,,33,9,Sinaran Drive,10,3FF83B00B3889020,2.01807E+13,,33631.92479,29176.7315
75,Delta ClubFITT Gym,"Facilities: Standard Gymnasium Equipment
Operating Hours: 7.00 AM to 10.00 PM (Mon/Wed/Fri), 8.30 AM to 10.00 PM (Tue/Thur), 8.30 AM to 8.00 PM (Sat), (9.00 AM to 8.00 Pm (Sun), 9.00 AM to 5.00 PM (Public Holiday)
Tel: 6471 9030",,,,,-1,0,-1,,,0,0,158790,,,,,,Tiong Bahru Road,900,33FF9E423E3E3908,2.01807E+13,,30165.21349,26492.50429
76,Yogapoint Singapore,Operating hours Mon - Fri 0615 - 2200 Weekend 0800 - 2100,,,,,-1,0,-1,,,0,0,88998,,,,,,3rd Floor 31B Kreta Ayer Road,,DD0CFDD91DBB75CF,2.01807E+13,,29233.92139,28984.0342
77,Amore Fitness - Woodlands Civic Centre,"Operating Hours: Monday-Friday: 9.00 AM - 10.00 PM
Saturday: 9.00 AM - 7.30 PM
Sunday & Public Holiday: 9.00 AM - 6.00 PM",,,,,-1,0,-1,,,0,0,730900,,,,11,6,South Woodlands Drive,900,6E838EA7DB6D86F9,2.01601E+13,,46309.1924,22803.1143
78,Ananda Marga Yoga Society of Singapore - MacPherson,"<center><table><tr><th colspan='2' align='center'><em>Attributes</em></th></tr><tr bgcolor=""#E3E3F3"">
<th>LANDYADDRESSPOINT</th>
<td>0</td>
</tr><tr bgcolor="""">
<th>LANDXADDRESSPOINT</th>
<td>0</td>
</tr><tr bgcolor=""#E3E3F3"">
<th>ADDRESSPOSTALCODE</th>
",,,,,-1,0,-1,,,0,0,368150,,,,,,A MacPherson Road,439,954EBECDBB1C33F2,2.01601E+13,,34912.49449,33309.195
79,Jal Yoga,Operating Hours 7am to 9pm including Public Holiday,,,,,-1,0,-1,,,0,0,119964,,,,03A,1,Alexandra Road,991,A9F429BA815FB2AE,2.01711E+13,,28544.38329,24615.9767
80,One Wellness Fitness Club,"Operating Hours: Monday - Friday: 
7.00 am - 10.00 pm

Saturday: 
10.00 am - 7.00 pm

Sunday: 
10.00 am - 4.00 pm

Tel: 6221 9663",,,,,-1,0,-1,,,0,0,188440,,,,,,New Bugis St,164A,F4CBBAAE83F1BB8F,2.01605E+13,,31474.43109,30440.5329
81,The Gym Nation,"<center><table><tr><th colspan='2' align='center'><em>Attributes</em></th></tr><tr bgcolor=""#E3E3F3"">
<th>LANDYADDRESSPOINT</th>
<td>0</td>
</tr><tr bgcolor="""">
<th>LANDXADDRESSPOINT</th>
<td>0</td>
</tr><tr bgcolor=""#E3E3F3"">
<th>ADDRESSPOSTALCODE</th>
",,,,,-1,0,-1,,,0,0,679910,Senja Cashew CC,,,2,2,Bukit Panjang Road,101,D961379FBEED3A0A,2.01605E+13,,40394.4742,20359.1208
82,The Yoga Shala,"<center><table><tr><th colspan='2' align='center'><em>Attributes</em></th></tr><tr bgcolor=""#E3E3F3"">
<th>LANDYADDRESSPOINT</th>
<td>0</td>
</tr><tr bgcolor="""">
<th>LANDXADDRESSPOINT</th>
<td>0</td>
</tr><tr bgcolor=""#E3E3F3"">
<th>ADDRESSPOSTALCODE</th>
",,,,,-1,0,-1,,,0,0,88266,,,,,,Yan Kit Road,11,73F9ADF677C46246,2.01601E+13,,28777.25419,28957.0892
83,Total Yoga - Orchard Road,"<center><table><tr><th colspan='2' align='center'><em>Attributes</em></th></tr><tr bgcolor=""#E3E3F3"">
<th>LANDYADDRESSPOINT</th>
<td>0</td>
</tr><tr bgcolor="""">
<th>LANDXADDRESSPOINT</th>
<td>0</td>
</tr><tr bgcolor=""#E3E3F3"">
<th>ADDRESSPOSTALCODE</th>
",,,,,-1,0,-1,,,0,0,229572,,,,4,,Claymore Hill,8,CC585D49B7A6AB10,2.01601E+13,,32217.14439,27857.4909
84,True Fitness - Chevron House,"Operating Hours: Mon ? Thurs: 6am ? 11pm 

Fri: 6am ? 10pm 

Sat: 6am ? 8pm 

Sun / Public Holiday: 8am ? 6pm
Tel: 6438 3000",,,,,-1,0,-1,,,0,0,48622,,,,0,7,Raffles Place,30,55F348B658CA9A22,2.01601E+13,,29630.03159,30070.9937
85,True Fitness - NTUC Income Tampines Junction,"Operating Hours: Mon ? Thurs: 6am ? 11pm

Fri: 6am ? 10pm

Sat: 6am ? 9pm

Sun / Public Holiday: 8am ? 8pm
Tel: 6788 9555",,,,,-1,0,-1,,,0,0,529652,NTUC Income Tampines Junction,,,1,8,Tampines Avenue 5,300,41D9806063028807,2.01601E+13,,37376.84699,39831.90229
86,True Fitness - Parkway Parade,"Operating Hours: Mon ? Fri: 7am ? 10pm 

Sat / Sun / Public Holiday: 8am ? 9.30pm 
Tel: 6348 2900",,,,,-1,0,-1,,,0,0,449269,,,,15,7,Marine Parade Road,80,8F1010F8ADCA9342,2.01601E+13,,31504.75659,35990.13909
87,True Fitness - VivoCity,"Operating Hours: Mon ? Fri: 7am ? 10.30pm 

Sat - Sun: 7am ? 9pm 

Public Holiday: 8am ? 8pm 
Tel: 6278 3000",,,,,-1,0,-1,,,0,0,98585,VivoCity,,,10,3,Harbourfront Walk,1,EBADE26CDF33C220,2.01601E+13,,27435.86429,26719.0281
88,True Yoga - Ocean Financial Centre,Operating Hours: 7am to 11pm daily,,,,,-1,0,-1,,,0,0,49315,Ocean Financial Centre,,,,4,Collyer Quay,10,5279FD4AB71A1AD6,2.01601E+13,,29491.01749,30061.1644
89,True Yoga - Pacific Plaza,Operating Hours: 7am to 11pm daily,,,,,-1,0,-1,,,0,0,228210,Pacific Plaza,,,,4,Scotts Road,9,0A374185578ECB2D,2.01601E+13,,32095.76609,27867.3224
90,Viva Fit Singapore - Beach Road,"<center><table><tr><th colspan='2' align='center'><em>Attributes</em></th></tr><tr bgcolor=""#E3E3F3"">
<th>LANDYADDRESSPOINT</th>
<td>0</td>
</tr><tr bgcolor="""">
<th>LANDXADDRESSPOINT</th>
<td>0</td>
</tr><tr bgcolor=""#E3E3F3"">
<th>ADDRESSPOSTALCODE</th>
",,,,,-1,0,-1,,,0,0,189688,Bulkhaul House,,,2,2,Beach Rd,67,E49D75A98E1B1ED4,2.01601E+13,,31036.67339,30558.17439
91,Viva Fit Singapore - Raffles Place,"<center><table><tr><th colspan='2' align='center'><em>Attributes</em></th></tr><tr bgcolor=""#E3E3F3"">
<th>LANDYADDRESSPOINT</th>
<td>0</td>
</tr><tr bgcolor="""">
<th>LANDXADDRESSPOINT</th>
<td>0</td>
</tr><tr bgcolor=""#E3E3F3"">
<th>ADDRESSPOSTALCODE</th>
",,,,,-1,0,-1,,,0,0,48979,,,,0,3,Malacca Street,20,146FD2E7D4B5A1AB,2.01601E+13,,29597.34149,29935.7019
92,Viva Fit Singapore - Tanjong Pagar,"<center><table><tr><th colspan='2' align='center'><em>Attributes</em></th></tr><tr bgcolor=""#E3E3F3"">
<th>LANDYADDRESSPOINT</th>
<td>0</td>
</tr><tr bgcolor="""">
<th>LANDXADDRESSPOINT</th>
<td>0</td>
</tr><tr bgcolor=""#E3E3F3"">
<th>ADDRESSPOSTALCODE</th>
",,,,,-1,0,-1,,,0,0,82001,,,,24,2,Tanjong Pagar Plaza,1,4429E461D112F2DF,2.01601E+13,,28674.46889,29009.9303
93,WabiSabi Holistic Lifestyle,"<center><table><tr><th colspan='2' align='center'><em>Attributes</em></th></tr><tr bgcolor=""#E3E3F3"">
<th>LANDYADDRESSPOINT</th>
<td>0</td>
</tr><tr bgcolor="""">
<th>LANDXADDRESSPOINT</th>
<td>0</td>
</tr><tr bgcolor=""#E3E3F3"">
<th>ADDRESSPOSTALCODE</th>
",,,,,-1,0,-1,,,0,0,59817,,,,12,3,Eu Tong Sen St. The Central,6,CA6518431554247F,2.01601E+13,,30141.43639,29473.2133
94,Yaatra,"<center><table><tr><th colspan='2' align='center'><em>Attributes</em></th></tr><tr bgcolor=""#E3E3F3"">
<th>LANDYADDRESSPOINT</th>
<td>0</td>
</tr><tr bgcolor="""">
<th>LANDXADDRESSPOINT</th>
<td>0</td>
</tr><tr bgcolor=""#E3E3F3"">
<th>ADDRESSPOSTALCODE</th>
",,,,,-1,0,-1,,,0,0,88852,,,,,,A Neil Road,114,83CABA853785A748,2.01601E+13,,29070.63889,28940.5599
95,Fitness First - One Raffles Place,"Facilities: Group Exercise studio, free weights area, jacuzzi, swimming pool, cardiovascular and resistance  training equipment
Operating Hours: Monday ? Friday : 6.00am ? 10.00pm 

Saturday : 7.00am ? 7.00pm

Sunday and Public Holidays : Closed 
Tel: 65",,,,,-1,0,-1,,,0,0,48616,,,,0,6,Raffles Place,1,D06CEF960BB10419,2.01601E+13,,29641.31259,29965.8315
96,Sengkang ClubFITT Gym,"Facilities: Standard Gymnasium Equipment
Operating Hours: 7.00 AM to 10.00 PM (Mon/Wed/Fri), 8.30 AM to 10.00 PM (Tue/Thur), 8.30 AM to 8.00 PM (Sat), (9.00 AM to 8.00 Pm (Sun), 9.00 AM to 5.00 PM (Public Holiday)
Tel: 6315 3577",,,,,-1,0,-1,,,0,0,544964,,,,,,Anchorvale Road,57,4DBCC23E5FEED82A,2.01601E+13,,41933.0562,33838.7324
97,Tampines ClubFITT Gym,"Facilities: Standard Gymnasium Equipment
Operating Hours: 7.00 AM to 10.00 PM (Mon/Wed/Fri), 8.30 AM to 10.00 PM (Tue/Thur), 8.30 AM to 8.00 PM (Sat), (9.00 AM to 8.00 Pm (Sun), 9.00 AM to 5.00 PM (Public Holiday). Lady Hours: 2.00 PM to 4.00 PM (Mon)
Te",,,,,-1,0,-1,,,0,0,529652,,,,,,Tampines Ave 5,505,41D9806016B6F96F,2.01601E+13,,37376.84699,39831.90229
98,Toa Payoh ClubFITT Gym,"Facilities: Standard Gymnasium Equipment
Operating Hours: 7.00 AM to 10.00 PM (Mon/Wed/Fri), 8.30 AM to 10.00 PM (Tue/Thur), 8.30 AM to 8.00 PM (Sat), (9.00 AM to 8.00 Pm (Sun), 9.00 AM to 5.00 PM (Public Holiday)
Tel: 6256 7153",,,,,-1,0,-1,,,0,0,319392,,,,,,Toa Payoh Lor 6,301,E68BF3E7C1D30BCF,2.01601E+13,,34756.52169,29854.9996
99,Pilates Body Pilot - Biopolis,"<center><table><tr><th colspan='2' align='center'><em>Attributes</em></th></tr><tr bgcolor=""#E3E3F3"">
<th>LANDYADDRESSPOINT</th>
<td>0</td>
</tr><tr bgcolor="""">
<th>LANDXADDRESSPOINT</th>
<td>0</td>
</tr><tr bgcolor=""#E3E3F3"">
<th>ADDRESSPOSTALCODE</th>
",,,,,-1,0,-1,,,0,0,138667,,,,4,1,Biopolis Way,11,4C534929B93B4FD1,2.01601E+13,,31871.78619,23341.5261
100,Pilates Bodyworks - Finlayson Green,"<center><table><tr><th colspan='2' align='center'><em>Attributes</em></th></tr><tr bgcolor=""#E3E3F3"">
<th>LANDYADDRESSPOINT</th>
<td>0</td>
</tr><tr bgcolor="""">
<th>LANDXADDRESSPOINT</th>
<td>0</td>
</tr><tr bgcolor=""#E3E3F3"">
<th>ADDRESSPOSTALCODE</th>
",,,,,-1,0,-1,,,0,0,49246,,,,1,12,Finlayson Green,1,270F7A5B7642F5B3,2.01601E+13,,29409.20749,29999.6924
101,Pilates Fitness,"Operating Hours: Monday ? Friday: 8.30am ? 9.30pm 

Saturday: 9am ? 4pm 

Closed on Sundays, Christmas, New Year and Chinese New Year. We are open on rest of the public holidays.",,,,,-1,0,-1,,,0,0,98854,,,,,,Telok Blangah Road,434,5AB246115C3F248B,2.01601E+13,,28088.40669,25730.9402
102,Pilates Flow,"<center><table><tr><th colspan='2' align='center'><em>Attributes</em></th></tr><tr bgcolor=""#E3E3F3"">
<th>LANDYADDRESSPOINT</th>
<td>0</td>
</tr><tr bgcolor="""">
<th>LANDXADDRESSPOINT</th>
<td>0</td>
</tr><tr bgcolor=""#E3E3F3"">
<th>ADDRESSPOSTALCODE</th>
",,,,,-1,0,-1,,,0,0,269748,,,,6,2,2nd Avenue Junction,733,B3C3A5372AD5DC1F,2.01601E+13,,34670.88419,24232.9921
103,Pilates Inc - The Moving Body Group - East Coast,"<center><table><tr><th colspan='2' align='center'><em>Attributes</em></th></tr><tr bgcolor=""#E3E3F3"">
<th>LANDYADDRESSPOINT</th>
<td>0</td>
</tr><tr bgcolor="""">
<th>LANDXADDRESSPOINT</th>
<td>0</td>
</tr><tr bgcolor=""#E3E3F3"">
<th>ADDRESSPOSTALCODE</th>
",,,,,-1,0,-1,,,0,0,428766,,,,5,6,East Coast Road,46,D6386C12A786B0C7,2.01601E+13,,31857.85609,35792.5941
104,Platinum Yoga,"<center><table><tr><th colspan='2' align='center'><em>Attributes</em></th></tr><tr bgcolor=""#E3E3F3"">
<th>LANDYADDRESSPOINT</th>
<td>0</td>
</tr><tr bgcolor="""">
<th>LANDXADDRESSPOINT</th>
<td>0</td>
</tr><tr bgcolor=""#E3E3F3"">
<th>ADDRESSPOSTALCODE</th>
",,,,,-1,0,-1,,,0,0,449408,Parkway Centre,,,5,,Marine Parade Central,1,E63CC7C7DC804474,2.01601E+13,,31581.72219,36088.3456
105,PowerMoves Pilates - Bishan Park,"Operating Hours: Monday to Thursday: 8:30am to 1:30pm & 4:30pm to 9:30pm
 
Friday: 
8:30am to 1:30pm 

Saturday: 
8:30am to 5:30pm 

Sunday: 
9.30am to 1.30pm",,,,,-1,0,-1,,,0,0,569931,Aramsa ~ The Garden Spa,,,,,Bishan Park II,,A96E493522B51019,2.01601E+13,,38288.75159,29577.4725
106,PowerMoves Pilates - Dempsey Hill,"Operating Hours: Monday to Thursday: 8:30am to 1:30pm & 4:30pm to 9:30pm
 
Friday: 
8:30am to 1:30pm 

Saturday: 
8:30am to 5:30pm 

Sunday: 
9.30am to 1.30pm",,,,,-1,0,-1,,,0,0,249683,,,,,,Dempsey Road,6,CD2E40A13B047C9D,2.01601E+13,,31909.19129,25245.2533
107,Pure Yoga - Chevron House,"<center><table><tr><th colspan='2' align='center'><em>Attributes</em></th></tr><tr bgcolor=""#E3E3F3"">
<th>LANDYADDRESSPOINT</th>
<td>0</td>
</tr><tr bgcolor="""">
<th>LANDXADDRESSPOINT</th>
<td>0</td>
</tr><tr bgcolor=""#E3E3F3"">
<th>ADDRESSPOSTALCODE</th>
",,,,,-1,0,-1,,,0,0,48622,,,,,,30 Raffles Place,4,55F348B63DA0EC03,2.01601E+13,,29630.03159,30070.9937
108,Pure Yoga - Ngee Ann City,"<center><table><tr><th colspan='2' align='center'><em>Attributes</em></th></tr><tr bgcolor=""#E3E3F3"">
<th>LANDYADDRESSPOINT</th>
<td>0</td>
</tr><tr bgcolor="""">
<th>LANDXADDRESSPOINT</th>
<td>0</td>
</tr><tr bgcolor=""#E3E3F3"">
<th>ADDRESSPOSTALCODE</th>
",,,,,-1,0,-1,,,0,0,238873,Ngee Ann City Tower A,,,,,391A Orchard Road,18,80D12C516CF43CFE,2.01601E+13,,31640.96679,28151.0836
109,Real Yoga,"<center><table><tr><th colspan='2' align='center'><em>Attributes</em></th></tr><tr bgcolor=""#E3E3F3"">
<th>LANDYADDRESSPOINT</th>
<td>0</td>
</tr><tr bgcolor="""">
<th>LANDXADDRESSPOINT</th>
<td>0</td>
</tr><tr bgcolor=""#E3E3F3"">
<th>ADDRESSPOSTALCODE</th>
",,,,,-1,0,-1,,,0,0,238843,The Centrepoint,,,6,6,Orchard Road,176,17CFC6C940B57390,2.01601E+13,,31591.63669,28716.7492
110,Reebok CrossFit Enduro,"<center><table><tr><th colspan='2' align='center'><em>Attributes</em></th></tr><tr bgcolor=""#E3E3F3"">
<th>LANDYADDRESSPOINT</th>
<td>0</td>
</tr><tr bgcolor="""">
<th>LANDXADDRESSPOINT</th>
<td>0</td>
</tr><tr bgcolor=""#E3E3F3"">
<th>ADDRESSPOSTALCODE</th>
",,,,,-1,0,-1,,,0,0,207629,Teck Heng Long Industrial Building,,,3,1,Syed Alwi Road,11,C1D57D06F78833B4,2.01601E+13,,32126.46449,30765.6251
111,Singapore CrossFit Hub,"<center><table><tr><th colspan='2' align='center'><em>Attributes</em></th></tr><tr bgcolor=""#E3E3F3"">
<th>LANDYADDRESSPOINT</th>
<td>0</td>
</tr><tr bgcolor="""">
<th>LANDXADDRESSPOINT</th>
<td>0</td>
</tr><tr bgcolor=""#E3E3F3"">
<th>ADDRESSPOSTALCODE</th>
",,,,,-1,0,-1,,,0,0,368241,Citimac Building,,,11,7,Blk B,605,31AD9522FBA3F2BE,2.01601E+13,,35109.17529,34053.6754
112,Sivananda Yoga Vedanta Centre,Tel: 90679100/ 98386704,,,,,-1,0,-1,,,0,0,89835,,,,,3,Bukit Pasoh Rd,21B,4E3130390C3D3425,2.01601E+13,,29052.55159,28802.7994
113,Sky Fitness - Harbourfront,"<center><table><tr><th colspan='2' align='center'><em>Attributes</em></th></tr><tr bgcolor=""#E3E3F3"">
<th>LANDYADDRESSPOINT</th>
<td>0</td>
</tr><tr bgcolor="""">
<th>LANDXADDRESSPOINT</th>
<td>0</td>
</tr><tr bgcolor=""#E3E3F3"">
<th>ADDRESSPOSTALCODE</th>
",,,,,-1,0,-1,,,0,0,99254,HarbourFront Tower 2,,,1,16,HarbourFront Place,3,36A4F41E7C420D17,2.01601E+13,,27446.00229,26371.5996
114,Bedok ClubFITT Gym,"Facilities: Standard Gymnasium Equipment
Operating Hours: 7.00 AM to 10.00 PM (Mon/Wed/Fri), 8.30 AM to 10.00 PM (Tue/Thur), 8.30 AM to 8.00 PM (Sat), (9.00 AM to 8.00 Pm (Sun), 9.00 AM to 5.00 PM (Public Holiday)
Tel: 6244 5387",,,,,-1,0,-1,,,0,0,469645,,,,,,Bedok North St 2,5,75B1D5A52513200F,2.01601E+13,,34232.30879,39686.5124
115,Spaboutique,"<center><table><tr><th colspan='2' align='center'><em>Attributes</em></th></tr><tr bgcolor=""#E3E3F3"">
<th>LANDYADDRESSPOINT</th>
<td>0</td>
</tr><tr bgcolor="""">
<th>LANDXADDRESSPOINT</th>
<td>0</td>
</tr><tr bgcolor=""#E3E3F3"">
<th>ADDRESSPOSTALCODE</th>
",,,,,-1,0,-1,,,0,0,258373,,,,,,Nassim Road,6,6A3697AF1FF07C6F,2.01601E+13,,32233.82309,27177.998
116,The Gym At Orchard,"Operating Hours: Monday - Friday: 
7am - 10pm 

Saturday: 
8am - 10pm 

Sunday: 
8am - 8pm",,,,,-1,0,-1,,,0,0,238882,Liat Towers,,,,,Orchard Road,4,ECC6FB237686A01D,2.01601E+13,,31981.75179,27628.9842
117,The Pilates Place,"<center><table><tr><th colspan='2' align='center'><em>Attributes</em></th></tr><tr bgcolor=""#E3E3F3"">
<th>LANDYADDRESSPOINT</th>
<td>0</td>
</tr><tr bgcolor="""">
<th>LANDXADDRESSPOINT</th>
<td>0</td>
</tr><tr bgcolor=""#E3E3F3"">
<th>ADDRESSPOSTALCODE</th>
",,,,,-1,0,-1,,,0,0,78999,,,,1,2,Tras Street,60,900FFAC2BAC9586E,2.01601E+13,,28926.22269,29203.6389
118,Fitness First - Fusionopolis,"Facilities: Cardio equipment, weight machines, free weights, swimming pool, Group Exercise studio, Mind and Body studio.
Operating Hours: Monday ? Friday : 6.00am ? 10.00pm 

Saturday : 7.00am ? 7.00pm

Sunday and Public Holidays : 8.00am ? 6.00pm
Tel: 6",,,,,-1,0,-1,,,0,0,138632,,,,11,23,Fusionopolis Way,1,9E0F71EB521A8E23,2.01709E+13,,31294.90149,22890.1239
119,Amore Fitness - City Square Mall,"Operating Hours: Monday-Friday:  8.00 AM - 10.00 PM
Saturday: 9.00 AM - 9.30 PM
Sunday & Public Holiday: 9.00 AM - 9.00 PM",,,,,-1,0,-1,,,0,0,208539,,,,1,6,Kitchener Road,180,1D075CE9E2DB70DC,2.01709E+13,,32632.75939,30578.4394
120,E's FITNESS PTE. LTD.,"Working Hours: 
Monday - Friday
7am - 10pm

Saturday
7am - 8pm

Sunday
7am - 6pm

Tel: 6222 6517",,,,,-1,0,-1,,,0,0,89752,,,,,,Cantonment Road,51,534BEFC669635369,2.01605E+13,,29018.71949,28786.6253
121,YogaDivas - Nassim Road,Tel: 68870760/ 94571096,,,,,-1,0,-1,,,0,0,247974,Spa Boutique,,,,,Nassim Road,6,932A900A6346F19A,2.01601E+13,,31143.36809,25911.9935
122,Absolute Yoga - River Valley,"<center><table><tr><th colspan='2' align='center'><em>Attributes</em></th></tr><tr bgcolor=""#E3E3F3"">
<th>LANDYADDRESSPOINT</th>
<td>0</td>
</tr><tr bgcolor="""">
<th>LANDXADDRESSPOINT</th>
<td>0</td>
</tr><tr bgcolor=""#E3E3F3"">
<th>ADDRESSPOSTALCODE</th>
",,,,,-1,0,-1,,,0,0,248371,Valley Point,,,1,2,River Valley Rd,491,ABBD171C5FB606F7,2.01601E+13,,30600.86549,27290.2098
123,Yoga On Nassim,"<center><table><tr><th colspan='2' align='center'><em>Attributes</em></th></tr><tr bgcolor=""#E3E3F3"">
<th>LANDYADDRESSPOINT</th>
<td>0</td>
</tr><tr bgcolor="""">
<th>LANDXADDRESSPOINT</th>
<td>0</td>
</tr><tr bgcolor=""#E3E3F3"">
<th>ADDRESSPOSTALCODE</th>
",,,,,-1,0,-1,,,0,0,269758,Spa Boutique,,,,,Nassim Road,6,FC71B3A9BE8CC69A,2.01601E+13,,34803.18509,23876.2654
124,YogaDivas - Leonie Hill,"<center><table><tr><th colspan='2' align='center'><em>Attributes</em></th></tr><tr bgcolor=""#E3E3F3"">
<th>LANDYADDRESSPOINT</th>
<td>0</td>
</tr><tr bgcolor="""">
<th>LANDXADDRESSPOINT</th>
<td>0</td>
</tr><tr bgcolor=""#E3E3F3"">
<th>ADDRESSPOSTALCODE</th>
",,,,,-1,0,-1,,,0,0,258373,Leonie Hill Condo,,,,,Leonie Hill Road,,6A3697AFDE3C67E1,2.01601E+13,,32233.82309,27177.998
125,YogaDivas - Phoenix Park,"<center><table><tr><th colspan='2' align='center'><em>Attributes</em></th></tr><tr bgcolor=""#E3E3F3"">
<th>LANDYADDRESSPOINT</th>
<td>0</td>
</tr><tr bgcolor="""">
<th>LANDXADDRESSPOINT</th>
<td>0</td>
</tr><tr bgcolor=""#E3E3F3"">
<th>ADDRESSPOSTALCODE</th>
",,,,,-1,0,-1,,,0,0,247974,Phoenix Park,,,,,Tanglin Road,308,932A900ADA8D102D,2.01601E+13,,31143.36809,25911.9935
126,Ananda Marga Yoga Society of Singapore - Parkway Centre,"Operating Hours: Mon ? Fri : 9am ? 10pm

Sat ? Sun : 9am ? 4pm",,,,,-1,0,-1,,,0,0,449408,,,,1,7,Marine Parade Central,1,E63CC7C7C3C8A2DF,2.01601E+13,,31581.72219,36088.3456
127,Balancing Rocks Yoga Studio,"<center><table><tr><th colspan='2' align='center'><em>Attributes</em></th></tr><tr bgcolor=""#E3E3F3"">
<th>LANDYADDRESSPOINT</th>
<td>0</td>
</tr><tr bgcolor="""">
<th>LANDXADDRESSPOINT</th>
<td>0</td>
</tr><tr bgcolor=""#E3E3F3"">
<th>ADDRESSPOSTALCODE</th>
",,,,,-1,0,-1,,,0,0,199551,,,,0,2,Beach Road,287,0315F25C07EC3F64,2.01601E+13,,31480.97069,31023.0188
128,Basic Essence,"<center><table><tr><th colspan='2' align='center'><em>Attributes</em></th></tr><tr bgcolor=""#E3E3F3"">
<th>LANDYADDRESSPOINT</th>
<td>0</td>
</tr><tr bgcolor="""">
<th>LANDXADDRESSPOINT</th>
<td>0</td>
</tr><tr bgcolor=""#E3E3F3"">
<th>ADDRESSPOSTALCODE</th>
",,,,,-1,0,-1,,,0,0,259760,,,,4,4,Bukit Timah Road,501,D1ABF0A06FAE584E,2.01601E+13,,33868.94739,25877.3614
129,Being In Yoga,"<center><table><tr><th colspan='2' align='center'><em>Attributes</em></th></tr><tr bgcolor=""#E3E3F3"">
<th>LANDYADDRESSPOINT</th>
<td>0</td>
</tr><tr bgcolor="""">
<th>LANDXADDRESSPOINT</th>
<td>0</td>
</tr><tr bgcolor=""#E3E3F3"">
<th>ADDRESSPOSTALCODE</th>
",,,,,-1,0,-1,,,0,0,287988,,,,1,2,Turf Club Road,2,FC46CA789110B05E,2.01601E+13,,35342.28299,23840.3276
130,Breathe Pilates - East Coast,"<center><table><tr><th colspan='2' align='center'><em>Attributes</em></th></tr><tr bgcolor=""#E3E3F3"">
<th>LANDYADDRESSPOINT</th>
<td>0</td>
</tr><tr bgcolor="""">
<th>LANDXADDRESSPOINT</th>
<td>0</td>
</tr><tr bgcolor=""#E3E3F3"">
<th>ADDRESSPOSTALCODE</th>
",,,,,-1,0,-1,,,0,0,428915,,,,5,2,East Coast Road,217,B51077E952EEDD45,2.01601E+13,,32213.01379,36192.6834
131,Slender Shapes - Upper Bukit Timah,"Operating Hours: Monday - Friday:
8.00am - 2.00pm
3.00pm - 9.00pm

Saturday:
9.00am - 4.00pm

Sunday & PH: Closed",,,,,-1,0,-1,,,0,0,588172,Goh & Goh Building,,,,,Upper Bukit Timah Road,110M,395714429B806FF4,2.01601E+13,,35900.00259,21652.2407
132,Absolute Yoga - Telok Ayer,"<center><table><tr><th colspan='2' align='center'><em>Attributes</em></th></tr><tr bgcolor=""#E3E3F3"">
<th>LANDYADDRESSPOINT</th>
<td>0</td>
</tr><tr bgcolor="""">
<th>LANDXADDRESSPOINT</th>
<td>0</td>
</tr><tr bgcolor=""#E3E3F3"">
<th>ADDRESSPOSTALCODE</th>
",,,,,-1,0,-1,,,0,0,68611,,,,,2,Telok Ayer Street,157A,D5CF6BE11AFD0623,2.01601E+13,,29207.16549,29593.65549
133,Pilatique Pilates Studio,"<center><table><tr><th colspan='2' align='center'><em>Attributes</em></th></tr><tr bgcolor=""#E3E3F3"">
<th>LANDYADDRESSPOINT</th>
<td>0</td>
</tr><tr bgcolor="""">
<th>LANDXADDRESSPOINT</th>
<td>0</td>
</tr><tr bgcolor=""#E3E3F3"">
<th>ADDRESSPOSTALCODE</th>
",,,,,-1,0,-1,,,0,0,69250,,,,8,,Gemmil Lane,,E12B723270D39FAE,2.01605E+13,,29433.87969,29515.3344
134,Canvass Art and Yoga Studio,"<center><table><tr><th colspan='2' align='center'><em>Attributes</em></th></tr><tr bgcolor=""#E3E3F3"">
<th>LANDYADDRESSPOINT</th>
<td>0</td>
</tr><tr bgcolor="""">
<th>LANDXADDRESSPOINT</th>
<td>0</td>
</tr><tr bgcolor=""#E3E3F3"">
<th>ADDRESSPOSTALCODE</th>
",,,,,-1,0,-1,,,0,0,589820,,,,,,A Binjai Park,5,2C4C2676E4D02F56,2.01601E+13,,35335.48449,22802.5289
135,COMO Shambhala Urban Escape,"<center><table><tr><th colspan='2' align='center'><em>Attributes</em></th></tr><tr bgcolor=""#E3E3F3"">
<th>LANDYADDRESSPOINT</th>
<td>0</td>
</tr><tr bgcolor="""">
<th>LANDXADDRESSPOINT</th>
<td>0</td>
</tr><tr bgcolor=""#E3E3F3"">
<th>ADDRESSPOSTALCODE</th>
",,,,,-1,0,-1,,,0,0,238876,,,,5,6,,,52C2AA03A80F1CC5,2.01601E+13,,32166.62699,27460.2554
136,Fitness First - The Cathay,"Facilities: Cardio, strength and stretch areas and a Group Exercise studio
Operating Hours: Monday ? Friday : 6.00am ? 10.30pm 

Saturday: 6.30am ? 10.30pm

Sunday and Public Holidays : 8.00am ? 10.00pm
Tel: 6732 4111",,,,,-1,0,-1,,,0,0,229233,,,,5,4,Handy Road,2,A83A7EE1E338FE98,2.01601E+13,,31282.66109,29610.5168
137,Focus Pilates - Orchard,"<center><table><tr><th colspan='2' align='center'><em>Attributes</em></th></tr><tr bgcolor=""#E3E3F3"">
<th>LANDYADDRESSPOINT</th>
<td>0</td>
</tr><tr bgcolor="""">
<th>LANDXADDRESSPOINT</th>
<td>0</td>
</tr><tr bgcolor=""#E3E3F3"">
<th>ADDRESSPOSTALCODE</th>
",,,,,-1,0,-1,,,0,0,238862,,,,3,8,Orchard Road,302,48A1BC63BFFBB884,2.01601E+13,,31809.28399,28167.8674
138,Focus Pilates - Raffles Place,"<center><table><tr><th colspan='2' align='center'><em>Attributes</em></th></tr><tr bgcolor=""#E3E3F3"">
<th>LANDYADDRESSPOINT</th>
<td>0</td>
</tr><tr bgcolor="""">
<th>LANDXADDRESSPOINT</th>
<td>0</td>
</tr><tr bgcolor=""#E3E3F3"">
<th>ADDRESSPOSTALCODE</th>
",,,,,-1,0,-1,,,0,0,48979,,,,0,12,Malacca Street,20,146FD2E76AF1A98C,2.01601E+13,,29597.34149,29935.7019
139,Genesis Gym - CBD,"Operating Hours: Monday - Friday: 7.30am - 9.30pm

Saturday: 8.30am - 1.00pm",,,,,-1,0,-1,,,0,0,79017,,,,,,Tras Street,78,3184BE45EA24B962,2.01601E+13,,28876.86709,29194.42159
140,Genesis Gym - Mounbatten,"Operating Hours: Monday - Friday: 7.30am - 9.30pm

Saturday: 8.30am - 1.00pm",,,,,-1,0,-1,,,0,0,398007,,,,20,1,,41306,8ECD88F1C9D9C8FC,2.01601E+13,,32198.42639,33336.6379
141,Gold's Gym - Bukit Merah,"Operating Hours: Monday - Friday: 7.30am - 9.00pm

Saturday: 7.30am - 3.00pm",,,,,-1,0,-1,,,0,0,159837,,,,,,Bukit Merah Central,3500,C34C57B8FCD041D3,2.01601E+13,,29388.69799,26303.87239
142,Green Yoga,"Operating Hours: Mon - Fri: 12pm to 10pm

Sat, Sun & PH: 9am to 7pm",,,,,-1,0,-1,,,0,0,574363,,,,,,A Upper Thomson Road,232,77541E8EC177DEE4,2.01601E+13,,37241.06609,28197.5312
143,H.om Yoga,"Operating Hours: Monday & Friday: 9.30am - 10.00pm

Tuesday - Thursday: 7.00am - 10.30pm

Saturday & Sunday: 9.30am - 7.00pm",,,,,-1,0,-1,,,0,0,49745,,,,1,2,Canton Street,3,AFFC85770638F52B,2.01601E+13,,29848.45229,29793.2808
144,Impact Mixed Martial Arts,"Operating Hours: Weekdays:
12.15pm - 9.45pm

Saturday:
9.30am - 5.30pm

Sunday:
11.00am - 5.30pm",,,,,-1,0,-1,,,0,0,68805,,,,6,3,Shenton Way,3,A2A479FA606148A4,2.01601E+13,,28997.65459,29864.4703
145,Impakt Singapore,"<center><table><tr><th colspan='2' align='center'><em>Attributes</em></th></tr><tr bgcolor=""#E3E3F3"">
<th>LANDYADDRESSPOINT</th>
<td>0</td>
</tr><tr bgcolor="""">
<th>LANDXADDRESSPOINT</th>
<td>0</td>
</tr><tr bgcolor=""#E3E3F3"">
<th>ADDRESSPOSTALCODE</th>
",,,,,-1,0,-1,,,0,0,68909,,,,1,1,Robinson Road,146,AD9F9000BEBC9F24,2.01601E+13,,28959.05449,29644.6199
146,Iyengar Yoga Centre Singapore - Goldhill Centre,"<center><table><tr><th colspan='2' align='center'><em>Attributes</em></th></tr><tr bgcolor=""#E3E3F3"">
<th>LANDYADDRESSPOINT</th>
<td>0</td>
</tr><tr bgcolor="""">
<th>LANDXADDRESSPOINT</th>
<td>0</td>
</tr><tr bgcolor=""#E3E3F3"">
<th>ADDRESSPOSTALCODE</th>
",,,,,-1,0,-1,,,0,0,308899,,,,31,2,Goldhill Plaza,1,3C9373D12BA7E236,2.01601E+13,,33344.31959,29065.1371
147,Iyengar Yoga Centre Singapore - Neil Road Centre,"<center><table><tr><th colspan='2' align='center'><em>Attributes</em></th></tr><tr bgcolor=""#E3E3F3"">
<th>LANDYADDRESSPOINT</th>
<td>0</td>
</tr><tr bgcolor="""">
<th>LANDXADDRESSPOINT</th>
<td>0</td>
</tr><tr bgcolor=""#E3E3F3"">
<th>ADDRESSPOSTALCODE</th>
",,,,,-1,0,-1,,,0,0,88875,,,,,,Neil Road,146B,5EE4FB8BA1708A35,2.01601E+13,,28972.06389,28815.7624
148,Jagsport,"<center><table><tr><th colspan='2' align='center'><em>Attributes</em></th></tr><tr bgcolor=""#E3E3F3"">
<th>LANDYADDRESSPOINT</th>
<td>0</td>
</tr><tr bgcolor="""">
<th>LANDXADDRESSPOINT</th>
<td>0</td>
</tr><tr bgcolor=""#E3E3F3"">
<th>ADDRESSPOSTALCODE</th>
",,,,,-1,0,-1,,,0,0,208574,,,,,,King George's Ave,340B,D84656A0FF0465BC,2.01601E+13,,32495.46589,31240.2976
149,Kapap Singapore,"<center><table><tr><th colspan='2' align='center'><em>Attributes</em></th></tr><tr bgcolor=""#E3E3F3"">
<th>LANDYADDRESSPOINT</th>
<td>0</td>
</tr><tr bgcolor="""">
<th>LANDXADDRESSPOINT</th>
<td>0</td>
</tr><tr bgcolor=""#E3E3F3"">
<th>ADDRESSPOSTALCODE</th>
",,,,,-1,0,-1,,,0,0,89129,,,,,,Keong Siak Road,22,8241A65DAFFC7C4F,2.01601E+13,,29166.53279,28929.2954
150,Kate Porter Yoga,"<center><table><tr><th colspan='2' align='center'><em>Attributes</em></th></tr><tr bgcolor=""#E3E3F3"">
<th>LANDYADDRESSPOINT</th>
<td>0</td>
</tr><tr bgcolor="""">
<th>LANDXADDRESSPOINT</th>
<td>0</td>
</tr><tr bgcolor=""#E3E3F3"">
<th>ADDRESSPOSTALCODE</th>
",,,,,-1,0,-1,,,0,0,449290,Laguna Park,,,27,1,Marine Parade Road,5000,099AC91AF17E3FE1,2.01601E+13,,32483.41029,38981.0171
151,Oasis Holistic,"<center><table><tr><th colspan='2' align='center'><em>Attributes</em></th></tr><tr bgcolor=""#E3E3F3"">
<th>LANDYADDRESSPOINT</th>
<td>0</td>
</tr><tr bgcolor="""">
<th>LANDXADDRESSPOINT</th>
<td>0</td>
</tr><tr bgcolor=""#E3E3F3"">
<th>ADDRESSPOSTALCODE</th>
",,,,,-1,0,-1,,,0,0,180010,,,,50,1,Selegie Road,10,1679DDC29E8498C7,2.01601E+13,,31783.01949,29916.2801
152,OhmSantih Yoga,"<center><table><tr><th colspan='2' align='center'><em>Attributes</em></th></tr><tr bgcolor=""#E3E3F3"">
<th>LANDYADDRESSPOINT</th>
<td>0</td>
</tr><tr bgcolor="""">
<th>LANDXADDRESSPOINT</th>
<td>0</td>
</tr><tr bgcolor=""#E3E3F3"">
<th>ADDRESSPOSTALCODE</th>
",,,,,-1,0,-1,,,0,0,189203,,,,,,Haji Lane,10A,D08D3C89A2C6FE0B,2.01601E+13,,31428.68839,30900.90239
153,Gold's Gym - Tanjong Pagar,"Operating Hours: Monday - Friday: 7.30am - 9.00pm

Saturday: 7.30am - 3.00pm",,,,,-1,0,-1,,,0,0,88507,,,,,,A Tanjong Pagar Road,86,5DCBB969F19760DA,2.01612E+13,,28988.38409,29153.53649
154,Masters' Yoga Sadhan,"<center><table><tr><th colspan='2' align='center'><em>Attributes</em></th></tr><tr bgcolor=""#E3E3F3"">
<th>LANDYADDRESSPOINT</th>
<td>0</td>
</tr><tr bgcolor="""">
<th>LANDXADDRESSPOINT</th>
<td>0</td>
</tr><tr bgcolor=""#E3E3F3"">
<th>ADDRESSPOSTALCODE</th>
",,,,,-1,0,-1,,,0,0,88509,,,,,,Tanjong Pagar Road,88A,D2D1FC4B571EA9BE,2.01612E+13,,28984.16379,29152.4443
155,Fitness Factory -,"Operating Hours: Monday - Friday: 7.00am - 9.00pm

Saturday: 7.00am - 4.00pm

Sunday and Public Holiday: 8.00am - 3.00pm",,,,,-1,0,-1,,,0,0,49870,,,,1,2,,41276,202E559F0023EC78,2.01612E+13,,30099.25889,29761.3044
156,Active Life Center,P: +65-97615523 E: info@activered.sg,,,,,-1,0,-1,,,0,0,238882,Far East Shopping Centre,,,10,16,Orchard Road,545,ECC6FB238AF634C4,2.01612E+13,,31981.75179,27628.9842
157,Amore Fitness - Jurong Point 2,"Operating Hours: Monday - Friday: 9.00 AM - 10.00 PM 

Saturday: 9.00 AM - 9.30 PM

Sunday & Public Holiday: 9.00 AM - 9.00 PM",,,,,-1,0,-1,,,0,0,648886,,,,,3,Jurong West Central 3,63,CB59096796BD4CB6,2.01601E+13,,35777.49229,13882.0898
158,Amore Fitness - Liang Court,"Operating Hours: Monday - Friday: 10.30 AM - 9.30 PM

Saturday: 10.30 AM - 9.00 PM

Sunday & Public Holiday: 10.30 AM - 9.00 PM",,,,,-1,0,-1,,,0,0,179030,,,,17,2,River Valley Road,177,4441732872B3FC5F,2.01601E+13,,30434.66509,29254.00029
159,Amore Fitness - Tampines 1,"Operating Hours: Monday-Friday: 8.00 AM - 10.00 PM
Saturday: 9.00 AM - 9.30 PM
Sunday & Public Holiday: 9.00 AM - 9.00 PM",,,,,-1,0,-1,,,0,0,529536,,,,18,5,Tampines Central 1,10,90D4D9CD3BD92CEA,2.01601E+13,,37379.13639,40431.0426
